{"filter":false,"title":"countries_export.csv","tooltip":"/etes/user/countries_export.csv","undoManager":{"mark":0,"position":0,"stack":[[{"start":{"row":0,"column":0},"end":{"row":1391,"column":0},"action":"remove","lines":["Countries/State/Cities,Location","NIORT,N/A","Countries/State/Cities,Location","NIPPORI,N/A","Countries/State/Cities,Location","NISEKO,N/A","Countries/State/Cities,Location","NISHI SHINJUKU,N/A","Countries/State/Cities,Location","NISHIARAI,N/A","Countries/State/Cities,Location","NISHIHARU,N/A","NISHIKOYAMA,N/A","Countries/State/Cities,Location","NISHITETSU YANAGAWA,N/A","Countries/State/Cities,Location","NISHIURA,N/A","Countries/State/Cities,Location","NLR,N/A","Countries/State/Cities,Location","NOBORIBETSU,N/A","Countries/State/Cities,Location","NORTH BEND,N/A","Countries/State/Cities,Location","NORTH SYDNEY,N/A","Countries/State/Cities,Location","NORWAY,N/A","Countries/State/Cities,Location","NOTO,N/A","Countries/State/Cities,Location","NOTTS,N/A","Countries/State/Cities,Location","NOUMEA,N/A","Countries/State/Cities,Location","NUEVOS MINISTERIOS,N/A","NUMZAU,N/A","Countries/State/Cities,Location","NWK,N/A","Countries/State/Cities,Location","NY PENN,N/A","Countries/State/Cities,Location","NYC - LGA,N/A","NYC DET,N/A","Countries/State/Cities,Location","NYC SUBWAY,N/A","NYC TO TRENTON,N/A","Countries/State/Cities,Location","NYK,N/A","Countries/State/Cities,Location","NYON,N/A","Countries/State/Cities,Location","NYP,N/A","Countries/State/Cities,Location","NY-PENN STATION,N/A","Countries/State/Cities,Location","NZ,N/A","Countries/State/Cities,Location","OAHU,N/A","OARIS,N/A","Countries/State/Cities,Location","OAXACA,N/A","Countries/State/Cities,Location","\"OAXACA, OAXACA\",N/A","Countries/State/Cities,Location","OBERNAI,N/A","Countries/State/Cities,Location","OC,N/A","Countries/State/Cities,Location","ODAIBA,N/A","Countries/State/Cities,Location","OFUNA,N/A","Countries/State/Cities,Location","O'HARE,N/A","Countries/State/Cities,Location","O'HARE AIRPORT,N/A","Countries/State/Cities,Location","OISO,N/A","Countries/State/Cities,Location","OITA,N/A","Countries/State/Cities,Location","OITA CITY,N/A","Countries/State/Cities,Location","OJI,N/A","Countries/State/Cities,Location","OKAYA,N/A","OKAYAMA+ONOMICHI,N/A","Countries/State/Cities,Location","OKINAWA NAHA,N/A","Countries/State/Cities,Location","OKINAWA/NAHA,N/A","Countries/State/Cities,Location","OKUSHIRI,N/A","Countries/State/Cities,Location","OLANDO,N/A","Countries/State/Cities,Location","OLBIA,N/A","Countries/State/Cities,Location","OLBIS,N/A","Countries/State/Cities,Location","OLIVIA,N/A","Countries/State/Cities,Location","OLLON,N/A","Countries/State/Cities,Location","OLSO,N/A","Countries/State/Cities,Location","OLYMPIC PARK,N/A","Countries/State/Cities,Location","OMAHA. NEBRASKA,N/A","Countries/State/Cities,Location","OMIYA,N/A","OMIYA OTHER,N/A","OMORI KINJOMAE,N/A","OMORI KINJYOMAE,N/A","Countries/State/Cities,Location","OMUTA,N/A","Countries/State/Cities,Location","ONOMICHI,N/A","Countries/State/Cities,Location","OOE,N/A","OOIMACHI,N/A","Countries/State/Cities,Location","OOMIYA,N/A","Countries/State/Cities,Location","OOMORI,N/A","OOTEMACHI,N/A","Countries/State/Cities,Location","OOTSUKA,N/A","Countries/State/Cities,Location","OPEN,N/A","OR TAMBA,N/A","OR TAMBO JOHANNESBURG,N/A","Countries/State/Cities,Location","ORANGE COUNTRY,N/A","Countries/State/Cities,Location","ORANGE COUNTY SNA,N/A","Countries/State/Cities,Location","\"ORANGE COUNTY, DENVER\",N/A","Countries/State/Cities,Location","ORANJESTAD,N/A","Countries/State/Cities,Location","\"ORANJESTAD, ARUBA\",N/A","Countries/State/Cities,Location","ORL,N/A","Countries/State/Cities,Location","ORLANDO FL,N/A","ORLANDP,N/A","Countries/State/Cities,Location","ORLEANS,N/A","Countries/State/Cities,Location","ORLY,N/A","Countries/State/Cities,Location","OSHAMANBE,N/A","Countries/State/Cities,Location","OSHIAGE,N/A","Countries/State/Cities,Location","ÖSTERSUND,N/A","Countries/State/Cities,Location","OTA,N/A","Countries/State/Cities,Location","OTEMACHI,N/A","Countries/State/Cities,Location","OTS,N/A","Countries/State/Cities,Location","OTSUKA,N/A","Countries/State/Cities,Location","OTTAWA & MONTREAL,N/A","Countries/State/Cities,Location","OTTIGNIES,N/A","Countries/State/Cities,Location","OTTOWA CANADA,N/A","Countries/State/Cities,Location","OWARI ICHINOMIYA,N/A","Countries/State/Cities,Location","OXENHOLME,N/A","Countries/State/Cities,Location","PAASILA,N/A","Countries/State/Cities,Location","PADOVA,N/A","\u0000\u0000\u0000\u0000\u0000\u0000\u0000\u0000\u0000\u0000\u0000\u0000\u0000\u0000\u0000\u0000\u0000\u0000\u0000\u0000\u0000\u0000\u0000\u0000\u0000\u0000\u0000\u0000\u0000\u0000\u0000\u0000\u0000\u0000\u0000\u0000\u0000\u0000\u0000\u0000\u0000\u0000\u0000\u0000\u0000\u0000\u0000\u0000\u0000\u0000\u0000\u0000\u0000\u0000\u0000\u0000\u0000\u0000\u0000\u0000\u0000\u0000\u0000\u0000\u0000\u0000\u0000\u0000\u0000\u0000\u0000\u0000\u0000\u0000\u0000\u0000\u0000\u0000\u0000\u0000\u0000\u0000\u0000\u0000\u0000\u0000\u0000\u0000\u0000\u0000\u0000\u0000\u0000\u0000\u0000\u0000\u0000\u0000\u0000\u0000\u0000\u0000\u0000\u0000\u0000\u0000\u0000\u0000\u0000\u0000\u0000\u0000\u0000\u0000\u0000\u0000\u0000\u0000\u0000\u0000\u0000\u0000\u0000\u0000\u0000\u0000\u0000\u0000\u0000\u0000\u0000\u0000\u0000\u0000\u0000\u0000\u0000\u0000\u0000\u0000\u0000\u0000\u0000\u0000\u0000\u0000\u0000\u0000\u0000\u0000\u0000\u0000\u0000\u0000\u0000\u0000\u0000\u0000\u0000\u0000\u0000\u0000\u0000\u0000\u0000\u0000\u0000\u0000\u0000\u0000\u0000\u0000\u0000\u0000\u0000\u0000\u0000","Countries/State/Cities,Location","PAGE,N/A","Countries/State/Cities,Location","PAI,N/A","Countries/State/Cities,Location","\"PAI, MAE HONG SON\",N/A","Countries/State/Cities,Location","PAKSE,N/A","PALAM MALLORCA,N/A","Countries/State/Cities,Location","PALM BEACH,N/A","Countries/State/Cities,Location","PALM SPRINGS,N/A","Countries/State/Cities,Location","PALMA,N/A","Countries/State/Cities,Location","PALMA DE MAIORCA,N/A","Countries/State/Cities,Location","PALMA DE MAJORCA,N/A","Countries/State/Cities,Location","\"PALMA DE MALLORCA,SPAIN\",N/A","Countries/State/Cities,Location","PALMA DI MALLORCA,N/A","Countries/State/Cities,Location","PALMA MALLORCA,N/A","Countries/State/Cities,Location","\"PALMA, MALLORCA\",N/A","Countries/State/Cities,Location","\"PALMA, SPAIN\",N/A","Countries/State/Cities,Location","PALMERSTON NORTH,N/A","Countries/State/Cities,Location","\"PAPEETE, TAHITI\",N/A","Countries/State/Cities,Location","PAPHOS,N/A","Countries/State/Cities,Location","PARAMUS,N/A","Countries/State/Cities,Location","PARI,N/A","Countries/State/Cities,Location","PARMA,N/A","PARMA BOLOGNA RIMINI MILANO,N/A","Countries/State/Cities,Location","PARMA-BOLOGNA,N/A","Countries/State/Cities,Location","PAROS,N/A","Countries/State/Cities,Location","PARRAMATTA,N/A","Countries/State/Cities,Location","PASCO,N/A","Countries/State/Cities,Location","PASILA,N/A","Countries/State/Cities,Location","PENANG,N/A","Countries/State/Cities,Location","PENGHU,N/A","Countries/State/Cities,Location","PENSACOLA,N/A","Countries/State/Cities,Location","PERIGUEUX,N/A","Countries/State/Cities,Location","PERIS,N/A","Countries/State/Cities,Location","\"PERTH, AUSTRALIA\",N/A","Countries/State/Cities,Location","PETER,N/A","Countries/State/Cities,Location","PETERSFIELD,N/A","Countries/State/Cities,Location","PHAN THIET,N/A","Countries/State/Cities,Location","PHEONIX,N/A","Countries/State/Cities,Location","PHI,N/A","Countries/State/Cities,Location","PHILIPPINES,N/A","Countries/State/Cities,Location","PHILIPSBURG,N/A","Countries/State/Cities,Location","PHILLIPSBURG,N/A","Countries/State/Cities,Location","\"PHILLIPSBURG,ST.MARTIN\",N/A","Countries/State/Cities,Location","PHILLY,N/A","PHISANULOK,N/A","Countries/State/Cities,Location","PHITSANULOK,N/A","Countries/State/Cities,Location","PHU QUOC,N/A","Countries/State/Cities,Location","PHU QUOC ISLAND,N/A","PHX AND VEGAS,N/A","Countries/State/Cities,Location","PHX PHOENIX,N/A","Countries/State/Cities,Location","PIRAMIDE ROMA,N/A","Countries/State/Cities,Location","PISA,N/A","Countries/State/Cities,Location","PITA,N/A","Countries/State/Cities,Location","PITSEA,N/A","PITTSBUGH,N/A","Countries/State/Cities,Location","PITTSBURG,N/A","Countries/State/Cities,Location","PLEASANT HILL,N/A","Countries/State/Cities,Location","PLEASANTON,N/A","Countries/State/Cities,Location","PLM,N/A","Countries/State/Cities,Location","PLS,N/A","PMI-IBZ,N/A","Countries/State/Cities,Location","POINTE A PITRE,N/A","Countries/State/Cities,Location","POINTE-A-PITRE,N/A","Countries/State/Cities,Location","POLMONT,N/A","Countries/State/Cities,Location","PONTA DELGADA,N/A","Countries/State/Cities,Location","PONTE GARDENA,N/A","POPPONGI,N/A","Countries/State/Cities,Location","POPRAD,N/A","Countries/State/Cities,Location","PORLTAND,N/A","Countries/State/Cities,Location","PORT MACQUARIE,N/A","Countries/State/Cities,Location","PORT OF SPAIN,N/A","Countries/State/Cities,Location","PORT VILA,N/A","Countries/State/Cities,Location","PORT VILLA,N/A","Countries/State/Cities,Location","PORTET SAINT SIMON,N/A","Countries/State/Cities,Location","PORTLAND-SEATTLE,N/A","Countries/State/Cities,Location","PORTMOUTH,N/A","Countries/State/Cities,Location","PORTO SEGURO,N/A","Countries/State/Cities,Location","PORTSMOUTH HARBOUR,N/A","Countries/State/Cities,Location","POTLAND,N/A","Countries/State/Cities,Location","POTTERS BAR,N/A","Countries/State/Cities,Location","POTTS,N/A","Countries/State/Cities,Location","POTTS POINT,N/A","POTTS POINT TO CIRCULAR QUAY,N/A","Countries/State/Cities,Location","POZA RICA,N/A","Countries/State/Cities,Location","POZNAN,N/A","Countries/State/Cities,Location","PPT,N/A","Countries/State/Cities,Location","PQC,N/A","Countries/State/Cities,Location","PRA,N/A","PRAFYE,N/A","Countries/State/Cities,Location","PRASLIN,N/A","Countries/State/Cities,Location","PRINCIPE PIE,N/A","Countries/State/Cities,Location","PROSERPINE,N/A","PROVENDICIALS,N/A","Countries/State/Cities,Location","PROVIDENCIALES,N/A","Countries/State/Cities,Location","\"PROVIDENCIALES, TURKS & CAICOS\",N/A","Countries/State/Cities,Location","PUDONG AIRPORT,N/A","Countries/State/Cities,Location","PUERTO PLATA,N/A","Countries/State/Cities,Location","PUERTO RICO,N/A","Countries/State/Cities,Location","PUERTO VALLARTA,N/A","Countries/State/Cities,Location","\"PUERTO VALLARTA, MEXICO\",N/A","Countries/State/Cities,Location","PULLMAN,N/A","Countries/State/Cities,Location","PUNTA CANA,N/A","PUNTS CANA,N/A","Countries/State/Cities,Location","PURLEY,N/A","Countries/State/Cities,Location","PUSAN,N/A","Countries/State/Cities,Location","QASSIM,N/A","Countries/State/Cities,Location","QTR,N/A","Countries/State/Cities,Location","\"QUEBEC, QUEBEC\",N/A","Countries/State/Cities,Location","QUEENS TOWN,N/A","Countries/State/Cities,Location","QUEENSTOWN,N/A","Countries/State/Cities,Location","QUIMPER,N/A","Countries/State/Cities,Location","RAILWAY CENTRAL STATION,N/A","Countries/State/Cities,Location","RALEIGH DURHAM,N/A","Countries/State/Cities,Location","RALEIGHT,N/A","Countries/State/Cities,Location","RANGIROA,N/A","Countries/State/Cities,Location","RANONG,N/A","Countries/State/Cities,Location","RAPALLO,N/A","Countries/State/Cities,Location","RAROTONGA,N/A","READIND,N/A","Countries/State/Cities,Location","READING ALL,N/A","Countries/State/Cities,Location","REDMOND,N/A","Countries/State/Cities,Location","REGGIO EMILIA,N/A","Countries/State/Cities,Location","RENENS,N/A","Countries/State/Cities,Location","REP,N/A","Countries/State/Cities,Location","RESORT GATEWAY,N/A","Countries/State/Cities,Location","REYKJAVIK,N/A","Countries/State/Cities,Location","RHODE ISLAND,N/A","Countries/State/Cities,Location","RHODES,N/A","Countries/State/Cities,Location","RIBEIRAO PRETO,N/A","Countries/State/Cities,Location","RICCIONE,N/A","Countries/State/Cities,Location","RICCIONE-CATTOLICA,N/A","Countries/State/Cities,Location","RICHMOND VA,N/A","Countries/State/Cities,Location","RIJSWIJK,N/A","Countries/State/Cities,Location","RIMINI FIERA,N/A","Countries/State/Cities,Location","RIMINIFIERA,N/A","Countries/State/Cities,Location","RIO QUENTE,N/A","Countries/State/Cities,Location","RIOMAGGIORE,N/A","Countries/State/Cities,Location","RIVER EDGE,N/A","Countries/State/Cities,Location","ROANOKE,N/A","Countries/State/Cities,Location","ROATAN,N/A","Countries/State/Cities,Location","ROATAN HONDURAS,N/A","Countries/State/Cities,Location","\"ROATAN, HONDURAS\",N/A","Countries/State/Cities,Location","ROCHDALE,N/A","Countries/State/Cities,Location","ROCKHAMPTON,N/A","Countries/State/Cities,Location","ROI ET,N/A","Countries/State/Cities,Location","ROISSY-EN-FRANCE,N/A","Countries/State/Cities,Location","ROKKO ISLAND CENTER,N/A","Countries/State/Cities,Location","ROLLE,N/A","Countries/State/Cities,Location","ROM E,N/A","Countries/State/Cities,Location","ROMA,N/A","Countries/State/Cities,Location","ROMA FIUMICINO,N/A","Countries/State/Cities,Location","ROMA TERMINI,N/A","Countries/State/Cities,Location","ROMANO,N/A","Countries/State/Cities,Location","RØNNE,N/A","Countries/State/Cities,Location","RONNEBY,N/A","Countries/State/Cities,Location","ROSEBANK,N/A","Countries/State/Cities,Location","ROTORUA,N/A","ROUND TRIP TO HEATHROW,N/A","Countries/State/Cities,Location","RUGELY,N/A","Countries/State/Cities,Location","RUNGSTED,N/A","Countries/State/Cities,Location","S.BONIFACIO,N/A","Countries/State/Cities,Location","SA JOSE,N/A","Countries/State/Cities,Location","SAC,N/A","Countries/State/Cities,Location","SAGAMIONO,N/A","Countries/State/Cities,Location","SAIGON,N/A","Countries/State/Cities,Location","SAINT MALO,N/A","Countries/State/Cities,Location","SAINT QUENTIN - YVELINES,N/A","Countries/State/Cities,Location","SAINT QUENTIN YVELINE,N/A","Countries/State/Cities,Location","SAINT RAPHAEL,N/A","SAINT RPAHAEL,N/A","Countries/State/Cities,Location","SAINT-MALO,N/A","Countries/State/Cities,Location","SAIPAN,N/A","Countries/State/Cities,Location","SAIPAN AND GUAM,N/A","Countries/State/Cities,Location","SAKAE,N/A","Countries/State/Cities,Location","SAKURAGICHO,N/A","Countries/State/Cities,Location","SAKURAGICHO STATION,N/A","Countries/State/Cities,Location","SALLANCHES,N/A","Countries/State/Cities,Location","SALT LAKE,N/A","Countries/State/Cities,Location","SALT LAKE CITY UTAH,N/A","Countries/State/Cities,Location","SAMUI,N/A","Countries/State/Cities,Location","SAN ANDRES,N/A","Countries/State/Cities,Location","SAN JOSE/BELLEVUE,N/A","Countries/State/Cities,Location","SAN JUAN,N/A","Countries/State/Cities,Location","SAN LUIS POTOSI,N/A","Countries/State/Cities,Location","\"SAN LUIS POTOSI, MEXICO\",N/A","Countries/State/Cities,Location","SAN PAOLO,N/A","Countries/State/Cities,Location","\"SAN PAOLO, BRAZIL\",N/A","Countries/State/Cities,Location","SAN PEDOR,N/A","Countries/State/Cities,Location","\"SAN PEDRO, BELIZE\",N/A","Countries/State/Cities,Location","\"SAN SALVADOR, EL SALVADOR\",N/A","Countries/State/Cities,Location","\"SAN SALVADORE, EL SALVADORE\",N/A","Countries/State/Cities,Location","SAN SEBASTIAN,N/A","Countries/State/Cities,Location","SAN SIEGO,N/A","Countries/State/Cities,Location","SANDIEGO,N/A","Countries/State/Cities,Location","SANDTON,N/A","Countries/State/Cities,Location","SANDTON CITY,N/A","Countries/State/Cities,Location","SANFRANCISCO,N/A","Countries/State/Cities,Location","SANJOSE,N/A","Countries/State/Cities,Location","SANNOMIYA,N/A","Countries/State/Cities,Location","SANTA ANA,N/A","Countries/State/Cities,Location","SANTA ANNA,N/A","Countries/State/Cities,Location","SANTA BARBARA,N/A","Countries/State/Cities,Location","SANTA ROSA,N/A","Countries/State/Cities,Location","SANTHIA,N/A","Countries/State/Cities,Location","SANTIAGO COMPOSTELA,N/A","Countries/State/Cities,Location","\"SANTIAGO, CHILE\",N/A","Countries/State/Cities,Location","\"SANTO DOMINGO, DOMINICAN REPUBLIC\",N/A","Countries/State/Cities,Location","SANTORINI,N/A","Countries/State/Cities,Location","SAO JOSE DO RIO PRETO,N/A","Countries/State/Cities,Location","SAO LUIS,N/A","Countries/State/Cities,Location","SAPPORO STATION,N/A","Countries/State/Cities,Location","\"SAPPORO, HOKKAIDO\",N/A","Countries/State/Cities,Location","SARDINIA,N/A","Countries/State/Cities,Location","SARRIA,N/A","Countries/State/Cities,Location","SATA,N/A","Countries/State/Cities,Location","SATTLE,N/A","Countries/State/Cities,Location","SBH,N/A","Countries/State/Cities,Location","SCE,N/A","Countries/State/Cities,Location","SCHAFFHAUSEN,N/A","Countries/State/Cities,Location","SCHIPHOL,N/A","Countries/State/Cities,Location","SCHIPHOL AIRPORT,N/A","Countries/State/Cities,Location","SCHIPOL,N/A","SCHIPOL AIRPORT,N/A","Countries/State/Cities,Location","SCHOENEFELD,N/A","Countries/State/Cities,Location","SCHÖNEFELD,N/A","Countries/State/Cities,Location","S+A1210EA AND DFW,N/A","Countries/State/Cities,Location","SEATAC,N/A","Countries/State/Cities,Location","SEA-TAC,N/A","Countries/State/Cities,Location","SEATAC AIRPORT,N/A","Countries/State/Cities,Location","SEA-TAC AIRPORT,N/A","SECACUS,N/A","Countries/State/Cities,Location","SEGOVIA,N/A","Countries/State/Cities,Location","SEGRATE,N/A","Countries/State/Cities,Location","SEIBU CHICHIBU,N/A","Countries/State/Cities,Location","SENDA,N/A","Countries/State/Cities,Location","SENGENCHO,N/A","SEOUL TO SINGAPORE,N/A","SES TAC INTERNATIONAL AIRPORT,N/A","Countries/State/Cities,Location","SESTO CALENDE,N/A","Countries/State/Cities,Location","SESTRI LEVANTE,N/A","SESTTLE,N/A","Countries/State/Cities,Location","SETTLE,N/A","Countries/State/Cities,Location","SEVENOAKS,N/A","Countries/State/Cities,Location","SEVILLA,N/A","Countries/State/Cities,Location","SEYCHELLES,N/A","Countries/State/Cities,Location","SEYCHELLES PRASLIN,N/A","Countries/State/Cities,Location","SFG,N/A","Countries/State/Cities,Location","\"SG, HK\",N/A","SGF & DFW,N/A","Countries/State/Cities,Location","SGP,N/A","Countries/State/Cities,Location","SH,N/A","Countries/State/Cities,Location","SHANNON,N/A","Countries/State/Cities,Location","SHARI,N/A","Countries/State/Cities,Location","SHENZEN,N/A","Countries/State/Cities,Location","SHENZHEN CHINA,N/A","Countries/State/Cities,Location","SHEPPERTON,N/A","Countries/State/Cities,Location","SHIBATA,N/A","Countries/State/Cities,Location","SHIBUYA,N/A","Countries/State/Cities,Location","SHIGA,N/A","SHIINAMACHI-OFUNA,N/A","SHIJUKU 3 CHOME,N/A","Countries/State/Cities,Location","SHIMA,N/A","SHIMA HAWS,N/A","Countries/State/Cities,Location","SHIMA/GUNMA,N/A","Countries/State/Cities,Location","SHIMBASHI,N/A","Countries/State/Cities,Location","SHIMBASHI STATION,N/A","Countries/State/Cities,Location","SHIMO SUWA,N/A","Countries/State/Cities,Location","SHIMODA,N/A","SHIMOIMAICHI,N/A","Countries/State/Cities,Location","SHIMOOCHIAI,N/A","SHIN AGAMA,N/A","Countries/State/Cities,Location","SHIN CHITOSE AIRPORT,N/A","SHIN OOKUBO,N/A","Countries/State/Cities,Location","SHIN OSAKA,N/A","Countries/State/Cities,Location","SHIN URAYASU,N/A","Countries/State/Cities,Location","SHIN YOKOHAMA,N/A","Countries/State/Cities,Location","SHINAGAWA,N/A","Countries/State/Cities,Location","SHINBASHI,N/A","SHINCHITOSE,N/A","SHINCHITOSE AIRPORT,N/A","Countries/State/Cities,Location","SHINGLES,N/A","Countries/State/Cities,Location","SHINJUKU,N/A","Countries/State/Cities,Location","SHINJUKU 3CHOME,N/A","Countries/State/Cities,Location","SHINJUKU GYOEMMAE,N/A","SHINJUKU SAMCHOME,N/A","Countries/State/Cities,Location","SHINJUKU SANCHOME,N/A","\"SHINJUKU, ARIAKE\",N/A","SHINKIBA,N/A","Countries/State/Cities,Location","SHIN-KOBE,N/A","SHINKURASHIKI,N/A","Countries/State/Cities,Location","SHINOKUBO,N/A","SHINOOKUBO,N/A","Countries/State/Cities,Location","SHINOSAKA,N/A","Countries/State/Cities,Location","SHIN-OSAKA,N/A","SHINSAIBADHI,N/A","Countries/State/Cities,Location","SHINSAPPORO,N/A","SHINSGAWA,N/A","Countries/State/Cities,Location","SHORTLANDS,N/A","SHOT AGAMA,N/A","Countries/State/Cities,Location","SHREWSBURY,N/A","Countries/State/Cities,Location","SIEM REAP,N/A","Countries/State/Cities,Location","SIENA,N/A","Countries/State/Cities,Location","SIERRE,N/A","SIGNAPORE,N/A","Countries/State/Cities,Location","SILVES - PORTUGAL,N/A","Countries/State/Cities,Location","SIMBASHI,N/A","Countries/State/Cities,Location","SION,N/A","Countries/State/Cities,Location","SITGES,N/A","Countries/State/Cities,Location","SIVIGLIA,N/A","Countries/State/Cities,Location","SKEGNESS,N/A","Countries/State/Cities,Location","SKIPTON,N/A","Countries/State/Cities,Location","SKØYEN,N/A","Countries/State/Cities,Location","SKYROS,N/A","SLOTERDJIK,N/A","SLOTERDYK,N/A","SNA AND SEA,N/A","Countries/State/Cities,Location","SOC,N/A","Countries/State/Cities,Location","\"SOFIA, BG\",N/A","Countries/State/Cities,Location","SOLO,N/A","Countries/State/Cities,Location","SONOBE,N/A","Countries/State/Cities,Location","SONOMA,N/A","Countries/State/Cities,Location","SOPOT,N/A","Countries/State/Cities,Location","SORRENTO,N/A","Countries/State/Cities,Location","SOUTH NORWALK,N/A","Countries/State/Cities,Location","SOUTH RUISLIP,N/A","Countries/State/Cities,Location","SOUTH SHIELDS,N/A","Countries/State/Cities,Location","SOUTHEAST,N/A","Countries/State/Cities,Location","SOUTHERN AIRPORT,N/A","Countries/State/Cities,Location","SOUTHPORT,N/A","Countries/State/Cities,Location","SPR,N/A","Countries/State/Cities,Location","SPRINFIELD,N/A","Countries/State/Cities,Location","SPRINFIELD MO,N/A","Countries/State/Cities,Location","SPRINGFIELD (SGF),N/A","Countries/State/Cities,Location","SPRINGFIELD AND VANCOUVER,N/A","Countries/State/Cities,Location","SPRINGFIELD LAKES,N/A","Countries/State/Cities,Location","SPRINGFIELD MISOURI,N/A","Countries/State/Cities,Location","SPRINGFIELD MO,N/A","SPRINGFIELD THEN SEATTLE,N/A","Countries/State/Cities,Location","\"SPRINGFIELD, MO USA\",N/A","Countries/State/Cities,Location","SPRINGFIELD. MO,N/A","Countries/State/Cities,Location","SPRINGFIELD-BRANDON,N/A","Countries/State/Cities,Location","SPRINGFILED,N/A","SRINGFIELD,N/A","Countries/State/Cities,Location","SSB,N/A","Countries/State/Cities,Location","ST ALBANS,N/A","Countries/State/Cities,Location","ST DENIS REUNION,N/A","Countries/State/Cities,Location","ST GEORGE'S,N/A","Countries/State/Cities,Location","ST JAMES,N/A","Countries/State/Cities,Location","ST JOHN ANTIGUA,N/A","Countries/State/Cities,Location","ST JOHNS,N/A","ST JOHNS NEW BRUINSWICK,N/A","Countries/State/Cities,Location","ST JOSE CA,N/A","Countries/State/Cities,Location","ST KITTS,N/A","Countries/State/Cities,Location","ST LEONARDS,N/A","Countries/State/Cities,Location","ST LOUIS,N/A","Countries/State/Cities,Location","ST LUCIA,N/A","Countries/State/Cities,Location","ST MALO,N/A","Countries/State/Cities,Location","ST PANCRAS,N/A","Countries/State/Cities,Location","ST PANCRAS INTERNATIONAL,N/A","Countries/State/Cities,Location","ST PETERSBURG,N/A","Countries/State/Cities,Location","ST QUENTIN EN YVELINES,N/A","Countries/State/Cities,Location","ST THOMAS,N/A","Countries/State/Cities,Location","ST VINCENT,N/A","Countries/State/Cities,Location","ST. ALBANS,N/A","Countries/State/Cities,Location","ST. GEORGE,N/A","Countries/State/Cities,Location","ST. GEORGE'S,N/A","Countries/State/Cities,Location","ST. GEORGE'S (BDA),N/A","Countries/State/Cities,Location","\"ST. JOHN'S, ANTIGUA\",N/A","Countries/State/Cities,Location","ST. LOIUS,N/A","Countries/State/Cities,Location","ST. LOUIS,N/A","Countries/State/Cities,Location","ST. LOUIS MO,N/A","Countries/State/Cities,Location","ST. LUCIA,N/A","Countries/State/Cities,Location","ST. THOMAS,N/A","Countries/State/Cities,Location","\"ST.JOHNS, ANTIGUA\",N/A","Countries/State/Cities,Location","STAFFORD,N/A","Countries/State/Cities,Location","STAINES,N/A","Countries/State/Cities,Location","STALYBRIDGE,N/A","Countries/State/Cities,Location","STARSBOURG,N/A","STASBOURS,N/A","Countries/State/Cities,Location","STAVELEY,N/A","Countries/State/Cities,Location","STEVENAGE,N/A","Countries/State/Cities,Location","STEVENS POINT,N/A","Countries/State/Cities,Location","ST-JOHN,N/A","STKHOLM,N/A","Countries/State/Cities,Location","STM,N/A","Countries/State/Cities,Location","STRATFORD,N/A","Countries/State/Cities,Location","STRATFORD INTERNATIONAL,N/A","Countries/State/Cities,Location","STRATFORD UPON AVON,N/A","Countries/State/Cities,Location","STREATHAM HILL,N/A","Countries/State/Cities,Location","STRESA,N/A","Countries/State/Cities,Location","STURUP,N/A","Countries/State/Cities,Location","SUBANG,N/A","Countries/State/Cities,Location","SUBANG AIRPORT,N/A","Countries/State/Cities,Location","SUBWAY,N/A","SUDNEY,N/A","Countries/State/Cities,Location","SUIDOBASHI,N/A","SUITE HUMANE,N/A","Countries/State/Cities,Location","SUITENGU,N/A","Countries/State/Cities,Location","SUMMIT,N/A","Countries/State/Cities,Location","SUN VALLEY,N/A","Countries/State/Cities,Location","SUNCHEON,N/A","Countries/State/Cities,Location","SUNNINGDALE,N/A","Countries/State/Cities,Location","SURAT THANI - URT,N/A","Countries/State/Cities,Location","SURAT THANI (URT),N/A","Countries/State/Cities,Location","SURBITON,N/A","Countries/State/Cities,Location","SWANLEY,N/A","Countries/State/Cities,Location","SWANWICK,N/A","SWAZIALND,N/A","Countries/State/Cities,Location","SYD AIRPORT,N/A","Countries/State/Cities,Location","SYD CITY,N/A","SYD DOWNTOWN,N/A","Countries/State/Cities,Location","SYDENHAM,N/A","Countries/State/Cities,Location","SYONAI,N/A","Countries/State/Cities,Location","SYOSSET,N/A","Countries/State/Cities,Location","TAASTRUP,N/A","Countries/State/Cities,Location","TAHITI,N/A","Countries/State/Cities,Location","TAINAN,N/A","TAIPEI + BUSAN,N/A","Countries/State/Cities,Location","TAIPEI TAIWAN,N/A","TAIPEI/BUSAN/SEOUL,N/A","Countries/State/Cities,Location","TAIPEI/HONG KONG,N/A","Countries/State/Cities,Location","TAITUNG,N/A","Countries/State/Cities,Location","TAITUNG TTT AIRPORT,N/A","Countries/State/Cities,Location","TAIWAN,N/A","Countries/State/Cities,Location","TAKADANOBABA,N/A","Countries/State/Cities,Location","TAKAO,N/A","TAKASAKI AND ICHINOSEKI,N/A","Countries/State/Cities,Location","TAKASHI,N/A","Countries/State/Cities,Location","TAKATSU,N/A","Countries/State/Cities,Location","TAKAYAMA,N/A","TALAHASSE,N/A","TALAHASSEE,N/A","Countries/State/Cities,Location","TALLAHASSEE,N/A","Countries/State/Cities,Location","TAMACHI,N/A","Countries/State/Cities,Location","TAMANA,N/A","Countries/State/Cities,Location","TAMARA,N/A","Countries/State/Cities,Location","\"TAMARINDO, COSTA RICA\",N/A","Countries/State/Cities,Location","TAMPA BAY,N/A","Countries/State/Cities,Location","TAMPA FL,N/A","Countries/State/Cities,Location","TANGER,N/A","Countries/State/Cities,Location","TAOYUAN,N/A","Countries/State/Cities,Location","TÅRNBY,N/A","Countries/State/Cities,Location","TASIK BANDAR SELATAN,N/A","Countries/State/Cities,Location","TAUPO,N/A","Countries/State/Cities,Location","TEDDINGTON,N/A","Countries/State/Cities,Location","TEL AVIV CENTRE,N/A","Countries/State/Cities,Location","TEL-AVIV,N/A","Countries/State/Cities,Location","TENERIFE,N/A","Countries/State/Cities,Location","\"TENERIFE, SPAIN\",N/A","Countries/State/Cities,Location","TENJIN,N/A","Countries/State/Cities,Location","TENMACHO,N/A","Countries/State/Cities,Location","TENNOJI,N/A","Countries/State/Cities,Location","TERMINI,N/A","TEST PRODUCTION BOOKING,N/A","THE HAGUE RETURN,N/A","Countries/State/Cities,Location","THREE BRIDGES,N/A","Countries/State/Cities,Location","TKO,N/A","TKYO,N/A","Countries/State/Cities,Location","TOBA,N/A","Countries/State/Cities,Location","TOBA STATION,N/A","Countries/State/Cities,Location","TOBU NIKKO,N/A","TOBY NIKKO,N/A","Countries/State/Cities,Location","TOCHIGI,N/A","Countries/State/Cities,Location","TOCHOMAE,N/A","Countries/State/Cities,Location","TOCHO-MAE,N/A","Countries/State/Cities,Location","TOKIWADAI,N/A","Countries/State/Cities,Location","TORQUAY,N/A","Countries/State/Cities,Location","TOSU,N/A","Countries/State/Cities,Location","TOTTENHAM HALE,N/A","Countries/State/Cities,Location","TOURCOING,N/A","Countries/State/Cities,Location","TOWN HALL,N/A","Countries/State/Cities,Location","TOWNHALL,N/A","Countries/State/Cities,Location","TOYA,N/A","TOYAHASHI,N/A","Countries/State/Cities,Location","TOYKO,N/A","Countries/State/Cities,Location","TOYOOKA,N/A","Countries/State/Cities,Location","TOYOSU,N/A","Countries/State/Cities,Location","TRANG,N/A","Countries/State/Cities,Location","TRAPANI,N/A","Countries/State/Cities,Location","TRAVERSE CITY,N/A","Countries/State/Cities,Location","TRE,N/A","Countries/State/Cities,Location","TREFFOREST,N/A","Countries/State/Cities,Location","TRENTON,N/A","Countries/State/Cities,Location","TRIESTE ITALY,N/A","Countries/State/Cities,Location","TRINIDAD,N/A","Countries/State/Cities,Location","TROMSO,N/A","Countries/State/Cities,Location","TROUVILLE DEAUVILLE,N/A","Countries/State/Cities,Location","TSUKIJI,N/A","Countries/State/Cities,Location","TSURUMAKI ONSEN,N/A","Countries/State/Cities,Location","TSURUMI,N/A","Countries/State/Cities,Location","TUC,N/A","TUCSCON,N/A","Countries/State/Cities,Location","TUGGERAH,N/A","Countries/State/Cities,Location","TUNISIA,N/A","Countries/State/Cities,Location","TURKEY,N/A","Countries/State/Cities,Location","TUSCAN,N/A","Countries/State/Cities,Location","TUSCON,N/A","Countries/State/Cities,Location","TUXTLA GUTIERREZ,N/A","Countries/State/Cities,Location","UBONRATCHATHANI,N/A","Countries/State/Cities,Location","UDONTHANI,N/A","Countries/State/Cities,Location","UENO,N/A","UENO/SUGAMO/SHINJUKU,N/A","Countries/State/Cities,Location","UMEDA,N/A","Countries/State/Cities,Location","UNAZUKI,N/A","Countries/State/Cities,Location","UNAZUKI ONSEN,N/A","Countries/State/Cities,Location","UNION STATION,N/A","Countries/State/Cities,Location","UNION STATION DENVER,N/A","Countries/State/Cities,Location","UNITED KINGDOM,N/A","Countries/State/Cities,Location","UNIVERSAL CITY,N/A","Countries/State/Cities,Location","UNIVERSAL CITY PORT,N/A","UNIVERSALCITY,N/A","Countries/State/Cities,Location","UNIVERSITY OF BIRMINGHAM,N/A","Countries/State/Cities,Location","UOZU,N/A","Countries/State/Cities,Location","UPPER WARLINGHAM,N/A","Countries/State/Cities,Location","URESHINO,N/A","Countries/State/Cities,Location","US VIRGIN ISLANDS,N/A","Countries/State/Cities,Location","USA,N/A","Countries/State/Cities,Location","USM,N/A","Countries/State/Cities,Location","UTRECHT CS,N/A","Countries/State/Cities,Location","UTRECHT LEIDSCHE RIJN,N/A","Countries/State/Cities,Location","UTSUMI,N/A","Countries/State/Cities,Location","VAIL,N/A","VALENCIA VLC + ALICANTE ALC,N/A","Countries/State/Cities,Location","\"VALENCIA, SPAIN\",N/A","Countries/State/Cities,Location","VALENCIA; ALICANTE,N/A","Countries/State/Cities,Location","VALLARTA,N/A","Countries/State/Cities,Location","VANNES,N/A","Countries/State/Cities,Location","VARENNA,N/A","Countries/State/Cities,Location","VARESE,N/A","Countries/State/Cities,Location","VARIOUS,N/A","Countries/State/Cities,Location","VARSAW,N/A","Countries/State/Cities,Location","VARSITY LAKES,N/A","Countries/State/Cities,Location","VÄXJÖ,N/A","Countries/State/Cities,Location","VEGAS,N/A","VEGAS + DENPASAR,N/A","Countries/State/Cities,Location","VENEZIA,N/A","Countries/State/Cities,Location","VENEZIA MESTRE,N/A","Countries/State/Cities,Location","VENEZIA S.LUCIA,N/A","Countries/State/Cities,Location","VENEZIA SANTA LUCIA,N/A","VENEZIA SANTA LUICIA,N/A","Countries/State/Cities,Location","\"VERACRUZ, MEXICO\",N/A","Countries/State/Cities,Location","VERNAISON,N/A","Countries/State/Cities,Location","VEVEY,N/A","Countries/State/Cities,Location","VIAREGGIO,N/A","Countries/State/Cities,Location","VICTORIA FALLS,N/A","Countries/State/Cities,Location","VICTORIA STATION,N/A","Countries/State/Cities,Location","VIENNA AIRPORT,N/A","Countries/State/Cities,Location","VIEUX FORT,N/A","Countries/State/Cities,Location","\"VIEUX FORT, ST. LUCIA\",N/A","Countries/State/Cities,Location","VIGNATE,N/A","Countries/State/Cities,Location","VILLAHERMOSA / PALENQUE,N/A","Countries/State/Cities,Location","VILLALBA,N/A","Countries/State/Cities,Location","VILLARS,N/A","Countries/State/Cities,Location","VILLARS SUR OLLON,N/A","VILLEFRANCHE SUR SOANE,N/A","Countries/State/Cities,Location","VITORIA,N/A","Countries/State/Cities,Location","VORDINGBORG,N/A","VPS & JAX,N/A","Countries/State/Cities,Location","VTE,N/A","Countries/State/Cities,Location","WAKKANAI,N/A","Countries/State/Cities,Location","WALLA WALLA,N/A","Countries/State/Cities,Location","WALTON-ON-THAMES,N/A","WANCHAI AT HONG KONG.,N/A","Countries/State/Cities,Location","WANDSWORTH TOWN,N/A","Countries/State/Cities,Location","WARE,N/A","WARE (HERTS),N/A","Countries/State/Cities,Location","WARRINGTON BANK QUAY,N/A","Countries/State/Cities,Location","WARSZAWA,N/A","Countries/State/Cities,Location","WAS,N/A","Countries/State/Cities,Location","WASEDA,N/A","Countries/State/Cities,Location","WATFORD JUNCTION,N/A","Countries/State/Cities,Location","WEERT,N/A","Countries/State/Cities,Location","WELWYN,N/A","Countries/State/Cities,Location","WELWYN GARDEN CITY,N/A","Countries/State/Cities,Location","WENGEN,N/A","Countries/State/Cities,Location","WEST HAMPSTEAD,N/A","Countries/State/Cities,Location","WEST PALM BEACH,N/A","Countries/State/Cities,Location","WEST RYDE,N/A","Countries/State/Cities,Location","WESTBURY,N/A","Countries/State/Cities,Location","WEYBRIDGE,N/A","Countries/State/Cities,Location","WHANGAREI,N/A","Countries/State/Cities,Location","WHITE PLAINS,N/A","Countries/State/Cities,Location","WHITE PLAINS NY,N/A","Countries/State/Cities,Location","WIL,N/A","Countries/State/Cities,Location","WILKES-BARRE,N/A","Countries/State/Cities,Location","WILLIAMWOOD,N/A","Countries/State/Cities,Location","WILMSLOW,N/A","Countries/State/Cities,Location","WIMBLEDON,N/A","Countries/State/Cities,Location","WINCHESTER,N/A","Countries/State/Cities,Location","WINDEMERE,N/A","Countries/State/Cities,Location","WINDERMERE,N/A","Countries/State/Cities,Location","WOKING,N/A","Countries/State/Cities,Location","WOLLI CREEK,N/A","Countries/State/Cities,Location","WOOLI CREEK,N/A","Countries/State/Cities,Location","WOOLI STATION,N/A","Countries/State/Cities,Location","WORTHING,N/A","WROCESTER,N/A","Countries/State/Cities,Location","WROCLAW,N/A","Countries/State/Cities,Location","WYNARD,N/A","Countries/State/Cities,Location","WYNYARD,N/A","YABA CHO,N/A","Countries/State/Cities,Location","YAGOTO,N/A","Countries/State/Cities,Location","YAMASAKI,N/A","Countries/State/Cities,Location","YAMASHINA,N/A","Countries/State/Cities,Location","YANBU,N/A","Countries/State/Cities,Location","YANGON,N/A","Countries/State/Cities,Location","YOKOHAMA STA.,N/A","Countries/State/Cities,Location","YONGSAN,N/A","Countries/State/Cities,Location","YORO,N/A","Countries/State/Cities,Location","YOTSUBASHI,N/A","Countries/State/Cities,Location","YOTSUYA,N/A","Countries/State/Cities,Location","YUASA,N/A","Countries/State/Cities,Location","YUDANAKA,N/A","Countries/State/Cities,Location","YUDAONSEN,N/A","Countries/State/Cities,Location","YUFUIN,N/A","YUFYIN,N/A","Countries/State/Cities,Location","YUK,N/A","Countries/State/Cities,Location","YUL (MONTREAL),N/A","YUMOT,N/A","Countries/State/Cities,Location","YURAKUCHO,N/A","YURIGAGARA,N/A","Countries/State/Cities,Location","YURIGAHARA,N/A","Countries/State/Cities,Location","YUZAWA,N/A","Countries/State/Cities,Location","YVERDON-LES-BAINS,N/A","Countries/State/Cities,Location","YVR AIRPORT,N/A","Countries/State/Cities,Location","YYZ AIRPORT,N/A","YYZ>SEA,N/A","Countries/State/Cities,Location","ZAANDAM,N/A","Countries/State/Cities,Location","\"ZACATECAS, MEXICO\",N/A","Countries/State/Cities,Location","ZAKYNTHOS,N/A","Countries/State/Cities,Location","ZANZIBAR,N/A","ZARAGONZA,N/A","Countries/State/Cities,Location","ZARAGOZA DELICIAS,N/A","Countries/State/Cities,Location","ZAVENTEM,N/A","Countries/State/Cities,Location","ZEVENBERGEN,N/A","Countries/State/Cities,Location","ZIHUATANEJO,N/A","Countries/State/Cities,Location","ZOSHIGAYA,N/A","Countries/State/Cities,Location","ZOUYING,N/A","Countries/State/Cities,Location","ZUG,N/A","Countries/State/Cities,Location","ZUOYING,N/A","Countries/State/Cities,Location","ZUR,N/A","Countries/State/Cities,Location","ZURICH,N/A","Countries/State/Cities,Location","ZURICH AIRPORT,N/A","Countries/State/Cities,Location","ZURICH HB,N/A","Countries/State/Cities,Location","ZVK,N/A",""],"id":2}]]},"ace":{"folds":[],"scrolltop":0,"scrollleft":0,"selection":{"start":{"row":0,"column":0},"end":{"row":0,"column":0},"isBackwards":false},"options":{"guessTabSize":true,"useWrapMode":false,"wrapToView":true},"firstLineState":{"row":46,"mode":"ace/mode/text"}},"timestamp":1504553649176,"hash":"da39a3ee5e6b4b0d3255bfef95601890afd80709"}